prompt,样本,N,accuracy,kappa,F1_pos,LLM正面比例-人工
P1,全部,4838,0.8319553534518396,0.6728484510744125,0.69625520110957,-0.1159570070276974
P1,易判 (一致性≥75%),3448,0.9115429234338747,0.8265787764308479,0.8408945686900958,-0.060614849187935055
P1,难判 (一致性<75%),1390,0.6345323741007194,0.3188502680244902,0.3177257525083612,-0.25323741007194245
P2,全部,4838,0.8017775940471269,0.6181265290521135,0.6462222222222223,-0.09797436957420422
P2,易判 (一致性≥75%),3448,0.8810904872389791,0.7651575760636417,0.7684210526315791,-0.07366589327146172
P2,难判 (一致性<75%),1390,0.6050359712230216,0.28381985269274934,0.3917808219178082,-0.15827338129496402
P3,全部,4838,0.8532451426209178,0.731248214178973,0.7808219178082192,-0.050020669698222386
P3,易判 (一致性≥75%),3448,0.9303944315545244,0.8688430429136778,0.8983451536643026,-0.023781902552204193
P3,难判 (一致性<75%),1390,0.6618705035971223,0.41938952803736246,0.5291139240506328,-0.11510791366906473
